merk_tipe;id_jenis;no_polisi;warna;tahun_buat;tahun_beli;silinder;no_rangka;no_mesin;no_body;no_pabrik;bahan_bakar;noreg;ukuran;bahan;status;keterangan
YUTONG;1;B 7347 IV;MERAH KOMBINASI;2013;null;11596;LZYTUGF6XD1046901;1413F034723;null;null;GAS;null;null;null;PNG_2013;PENGADAAN TAHUN 2013
YUTONG;1;B 7348 IV;MERAH KOMBINASI;2013;null;11596;LZYTUGF61D1046902;1413F034710;null;null;GAS;null;null;null;PNG_2013;PENGADAAN TAHUN 2013
YUTONG;1;B 7349 IV;MERAH KOMBINASI;2013;null;11596;LZYTUGF63D1046904;1413F034732;null;null;GAS;null;null;null;PNG_2013;PENGADAAN TAHUN 2013
YUTONG;1;B 7350 IV;MERAH KOMBINASI;2013;null;11596;LZYTUGF65D1046905;1413F034711;null;null;GAS;null;null;null;PNG_2013;PENGADAAN TAHUN 2013
YUTONG;1;B 7351 IV;MERAH KOMBINASI;2013;null;11596;LZYTUGF67D1046906;1413F034733;null;null;GAS;null;null;null;PNG_2013;PENGADAAN TAHUN 2013
YUTONG;1;B 7352 IV;MERAH KOMBINASI;2013;null;11596;LZYTUGF69D1046907;1413F034724;null;null;GAS;null;null;null;PNG_2013;PENGADAAN TAHUN 2013
YUTONG;1;B 7353 IV;MERAH KOMBINASI;2013;null;11596;LZYTUGF62D1046908;1413F034722;null;null;GAS;null;null;null;PNG_2013;PENGADAAN TAHUN 2013
YUTONG;1;B 7354 IV;MERAH KOMBINASI;2013;null;11596;LZYTUGF64D1046909;1413F034734;null;null;GAS;null;null;null;PNG_2013;PENGADAAN TAHUN 2013
YUTONG;1;B 7355 IV;MERAH KOMBINASI;2013;null;11596;LZYTUGF60D1046910;1413F034715;null;null;GAS;null;null;null;PNG_2013;PENGADAAN TAHUN 2013
YUTONG;1;B 7357 IV;MERAH KOMBINASI;2013;null;11596;LZYTUGF60D1046891;1413F034713;null;null;GAS;null;null;null;PNG_2013;PENGADAAN TAHUN 2013
YUTONG;1;B 7358 IV;MERAH KOMBINASI;2013;null;11596;LZYTUGF62D1046892;1413F034709;null;null;GAS;null;null;null;PNG_2013;PENGADAAN TAHUN 2013
YUTONG;1;B 7359 IV;MERAH KOMBINASI;2013;null;11596;LZYTUGF64D1046893;1413F034727;null;null;GAS;null;null;null;PNG_2013;PENGADAAN TAHUN 2013
YUTONG;1;B 7361 IV;MERAH KOMBINASI;2013;null;11596;LZYTUGF66D1046894;1413F034716;null;null;GAS;null;null;null;PNG_2013;PENGADAAN TAHUN 2013
YUTONG;1;B 7360 IV;MERAH KOMBINASI;2013;null;11596;LZYTUGF68D1046895;1413F034717;null;null;GAS;null;null;null;PNG_2013;PENGADAAN TAHUN 2013
YUTONG;1;B 7362 IV;MERAH KOMBINASI;2013;null;11596;LZYTUGF6XD1046896;1413F034731;null;null;GAS;null;null;null;PNG_2013;PENGADAAN TAHUN 2013
YUTONG;1;B 7363 IV;MERAH KOMBINASI;2013;null;11596;LZYTUGF61D1046897;1413F034729;null;null;GAS;null;null;null;PNG_2013;PENGADAAN TAHUN 2013
YUTONG;1;B 7364 IV;MERAH KOMBINASI;2013;null;11596;LZYTUGF63D1046898;1413F034720;null;null;GAS;null;null;null;PNG_2013;PENGADAAN TAHUN 2013
YUTONG;1;B 7365 IV;MERAH KOMBINASI;2013;null;11596;LZYTUGF65D1046899;1413F034712;null;null;GAS;null;null;null;PNG_2013;PENGADAAN TAHUN 2013
YUTONG;1;B 7367 IV;MERAH KOMBINASI;2013;null;11596;LZYTUGF66D1046900;1413F034718;null;null;GAS;null;null;null;PNG_2013;PENGADAAN TAHUN 2013
YUTONG;1;B 7368 IV;MERAH KOMBINASI;2013;null;11596;LZYTUGF60D1043991;1413F034726;null;null;GAS;null;null;null;PNG_2013;PENGADAAN TAHUN 2013
YUTONG;1;B 7369 IV;MERAH KOMBINASI;2013;null;11596;LZYTUGF62D1043992;1413F034725;null;null;GAS;null;null;null;PNG_2013;PENGADAAN TAHUN 2013
YUTONG;1;B 7370 IV;MERAH KOMBINASI;2013;null;11596;LZYTUGF63D1043993;1413F034719;null;null;GAS;null;null;null;PNG_2013;PENGADAAN TAHUN 2013
YUTONG;1;B 7371 IV;MERAH KOMBINASI;2013;null;11596;LZYTUGF66D1043994;1413F034736;null;null;GAS;null;null;null;PNG_2013;PENGADAAN TAHUN 2013
YUTONG;1;B 7372 IV;MERAH KOMBINASI;2013;null;11596;LZYTUGF68D1043995;1413F034721;null;null;GAS;null;null;null;PNG_2013;PENGADAAN TAHUN 2013
YUTONG;1;B 7373 IV;MERAH KOMBINASI;2013;null;11596;LZYTUGF6XD1043996;1413F034735;null;null;GAS;null;null;null;PNG_2013;PENGADAAN TAHUN 2013
YUTONG;1;B 7374 IV;MERAH KOMBINASI;2013;null;11596;LZYTUGF61D1043997;1413F034714;null;null;GAS;null;null;null;PNG_2013;PENGADAAN TAHUN 2013
YUTONG;1;B 7375 IV;MERAH KOMBINASI;2013;null;11596;LZYTUGF63D1043998;1413F034730;null;null;GAS;null;null;null;PNG_2013;PENGADAAN TAHUN 2013
YUTONG;1;B 7377 IV;MERAH KOMBINASI;2013;null;11596;LZYTUGF65D1043999;1413F034708;null;null;GAS;null;null;null;PNG_2013;PENGADAAN TAHUN 2013
YUTONG;1;B 7378 IV;MERAH KOMBINASI;2013;null;11596;LZYTUGF66D1044000;1413F034732;null;null;GAS;null;null;null;PNG_2013;PENGADAAN TAHUN 2013
YUTONG;1;B 7379 IV;MERAH KOMBINASI;2013;null;11596;LAB7L1RK4DA201817;1413F034728;null;null;GAS;null;null;null;PNG_2013;PENGADAAN TAHUN 2013
ANKAI;1;B 7394 IV;MERAH KOMBINASI;2013;null;11590;LAB7L1RKXDA201823;14135048856;null;null;GAS;null;null;null;PNG_2013;PENGADAAN TAHUN 2013
ANKAI;1;B 7888 IV;MERAH KOMBINASI;2013;null;11590;LAB7L1RK5DA201843;14135051769;null;null;GAS;null;null;null;PNG_2013;PENGADAAN TAHUN 2013
ANKAI;1;B 7921 IV;MERAH KOMBINASI;2013;null;11590;LAB7L1RK4DA201879;14135051783;null;null;GAS;null;null;null;PNG_2013;PENGADAAN TAHUN 2013
ANKAI;1;B 7922 IV;MERAH KOMBINASI;2013;null;11590;LAB7L1RK2DA201816;14135051770;null;null;GAS;null;null;null;PNG_2013;PENGADAAN TAHUN 2013
ANKAI;1;B 7923 IV;MERAH KOMBINASI;2013;null;11590;LAB7L1RK5DA201888;14135048866;null;null;GAS;null;null;null;PNG_2013;PENGADAAN TAHUN 2013
ANKAI;1;B 7924 IV;MERAH KOMBINASI;2013;null;11590;LAB7L1RK4DA201882;14135048858;null;null;GAS;null;null;null;PNG_2013;PENGADAAN TAHUN 2013
ANKAI;1;B 7925 IV;MERAH KOMBINASI;2013;null;11590;LAB7L1RK8DA201819;14135048853;null;null;GAS;null;null;null;PNG_2013;PENGADAAN TAHUN 2013
ANKAI;1;B 7926 IV;MERAH KOMBINASI;2013;null;11590;LAB7L1RK8DA201819;14135048857;null;null;GAS;null;null;null;PNG_2013;PENGADAAN TAHUN 2013
ANKAI;1;B 7927 IV;MERAH KOMBINASI;2013;null;11590;LAB7L1RK8DA201903;14135048859;null;null;GAS;null;null;null;PNG_2013;PENGADAAN TAHUN 2013
ANKAI;1;B 7928 IV;MERAH KOMBINASI;2013;null;11590;LAB7L1RK4DA201834;14135041790;null;null;GAS;null;null;null;PNG_2013;PENGADAAN TAHUN 2013
ANKAI;1;B 7929 IV;MERAH KOMBINASI;2013;null;11590;LAB7L1RK2DA201881;14135051796;null;null;GAS;null;null;null;PNG_2013;PENGADAAN TAHUN 2013
ANKAI;1;B 7930 IV;MERAH KOMBINASI;2013;null;11590;LAB7L1RK6DA201883;14135051773;null;null;GAS;null;null;null;PNG_2013;PENGADAAN TAHUN 2013
ANKAI;1;B 7931 IV;MERAH KOMBINASI;2013;null;11590;LAB7L1RK2DA201895;14135048862;null;null;GAS;null;null;null;PNG_2013;PENGADAAN TAHUN 2013
ANKAI;1;B 7932 IV;MERAH KOMBINASI;2013;null;11590;LAB7L1RK0DA201829;14135048870;null;null;GAS;null;null;null;PNG_2013;PENGADAAN TAHUN 2013
ANKAI;1;B 7933 IV;MERAH KOMBINASI;2013;null;11590;LAB7L1RK2DA201833;14135051795;null;null;GAS;null;null;null;PNG_2013;PENGADAAN TAHUN 2013
ANKAI;1;B 7934 IV;MERAH KOMBINASI;2013;null;11590;LAB7L1RK1DA201886;14135051793;null;null;GAS;null;null;null;PNG_2013;PENGADAAN TAHUN 2013
ANKAI;1;B 7935 IV;MERAH KOMBINASI;2013;null;11590;LAB7L1RK8DA201894;14135048844;null;null;GAS;null;null;null;PNG_2013;PENGADAAN TAHUN 2013
ANKAI;1;B 7936 IV;MERAH KOMBINASI;2013;null;11590;LAB7L1RK5DA201826;14135048872;null;null;GAS;null;null;null;PNG_2013;PENGADAAN TAHUN 2013
ANKAI;1;B 7937 IV;MERAH KOMBINASI;2013;null;11590;LAB7L1RK6DA201835;14135051771;null;null;GAS;null;null;null;PNG_2013;PENGADAAN TAHUN 2013
ANKAI;1;B 7938 IV;MERAH KOMBINASI;2013;null;11590;LAB7L1RK1DA201807;14135048846;null;null;GAS;null;null;null;PNG_2013;PENGADAAN TAHUN 2013
ANKAI;1;B 7939 IV;MERAH KOMBINASI;2013;null;11590;LAB7L1RK8DA201836;14135042771;null;null;GAS;null;null;null;PNG_2013;PENGADAAN TAHUN 2013
ANKAI;1;B 7940 IV;MERAH KOMBINASI;2013;null;11590;LAB7L1RK1DA201840;14135041775;null;null;GAS;null;null;null;PNG_2013;PENGADAAN TAHUN 2013
ANKAI;1;B 7941 IV;MERAH KOMBINASI;2013;null;11590;LAB7L1RK2DA201884;14135048861;null;null;GAS;null;null;null;PNG_2013;PENGADAAN TAHUN 2013
ANKAI;1;B 7942 IV;MERAH KOMBINASI;2013;null;11590;LAB7L1RK2DA201880;14135041798;null;null;GAS;null;null;null;PNG_2013;PENGADAAN TAHUN 2013
ANKAI;1;B 7943 IV;MERAH KOMBINASI;2013;null;11590;LAB7L1RK2DA201837;14135048855;null;null;GAS;null;null;null;PNG_2013;PENGADAAN TAHUN 2013
ANKAI;1;B 7944 IV;MERAH KOMBINASI;2013;null;11590;LAB7L1RK2DA201841;14135048865;null;null;GAS;null;null;null;PNG_2013;PENGADAAN TAHUN 2013
ANKAI;1;B 7945 IV;MERAH KOMBINASI;2013;null;11590;LAB7L1RK2DA201838;14135051788;null;null;GAS;null;null;null;PNG_2013;PENGADAAN TAHUN 2013
ANKAI;1;B 7946 IV;MERAH KOMBINASI;2013;null;11590;LAB7L1RK2DA201885;14135041786;null;null;GAS;null;null;null;PNG_2013;PENGADAAN TAHUN 2013
ANKAI;1;B 7947 IV;MERAH KOMBINASI;2013;null;11590;LAB7L1RK2DA201877;14135041778;null;null;GAS;null;null;null;PNG_2013;PENGADAAN TAHUN 2013
ANKAI;1;B 7948 IV;MERAH KOMBINASI;2013;null;11590;LAB7L1RK2DA201887;14135041797;null;null;GAS;null;null;null;PNG_2013;PENGADAAN TAHUN 2013
ANKAI;1;B 7561 IV;MERAH KOMBINASI;2013;null;09726;MKKL51G6RDL000048;WP10NG300E301613H130062;null;null;GAS;null;null;null;PNG_2013;PENGADAAN TAHUN 2013
ANKAI;1;B 7563 IV ;MERAH KOMBINASI;2013;null;09726;MKKL51G6RDL000101;WP10NG300E301613H130076;null;null;GAS;null;null;null;PNG_2013;PENGADAAN TAHUN 2013
ANKAI;1;B 7564 IV;MERAH KOMBINASI;2013;null;09726;MKKL51G6RDL000015;WP10NG300E301613H130064;null;null;GAS;null;null;null;PNG_2013;PENGADAAN TAHUN 2013
ANKAI;1;B 7565 IV ;MERAH KOMBINASI;2013;null;09726;MKKL51G6RDL000060;WP10NG300E301613H130551;null;null;GAS;null;null;null;PNG_2013;PENGADAAN TAHUN 2013
ANKAI;1;B 7567 IV;MERAH KOMBINASI;2013;null;09726;MKKL51G6RDL000051;WP10NG300E301613H130097;null;null;GAS;null;null;null;PNG_2013;PENGADAAN TAHUN 2013
ANKAI;1;B 7568 IV;MERAH KOMBINASI;2013;null;09726;MKKL51G6RDL000096;WP10NG300E301613H130545;null;null;GAS;null;null;null;PNG_2013;PENGADAAN TAHUN 2013
ANKAI;1;B 7569 IV;MERAH KOMBINASI;2013;null;09726;MKKL51G6RDL000107;WP10NG300E301613H130567;null;null;GAS;null;null;null;PNG_2013;PENGADAAN TAHUN 2013
ANKAI;1;B 7617 IV;MERAH KOMBINASI;2013;null;09726;MKKL51G6RDL000014;WP10NG300E301613H130519;null;null;GAS;null;null;null;PNG_2013;PENGADAAN TAHUN 2013
ANKAI;1;B 7618 IV;MERAH KOMBINASI;2013;null;09726;MKKL51G6RDL000042;WP10NG300E301613H132041;null;null;GAS;null;null;null;PNG_2013;PENGADAAN TAHUN 2013
ANKAI;1;B 7619 IV;MERAH KOMBINASI;2013;null;09726;MKKL51G6RDL000033;WP10NG300E301613H130556;null;null;GAS;null;null;null;PNG_2013;PENGADAAN TAHUN 2013
ANKAI;1;B 7620 IV;MERAH KOMBINASI;2013;null;09726;MKKL51G6RDL000127;WP10NG300E301613H125440;null;null;GAS;null;null;null;PNG_2013;PENGADAAN TAHUN 2013
ANKAI;1;B 7621 IV;MERAH KOMBINASI;2013;null;09726;MKKL51G6RDL000031;WP10NG300E301613H130148;null;null;GAS;null;null;null;PNG_2013;PENGADAAN TAHUN 2013
ANKAI;1;B 7622 IV;MERAH KOMBINASI;2013;null;09726;MKKL51G6RDL000038;WP10NG300E301613H130140;null;null;GAS;null;null;null;PNG_2013;PENGADAAN TAHUN 2013
ANKAI;1;B 7623 IV;MERAH KOMBINASI;2013;null;09726;MKKL51G6RDL000016;WP10NG300E301613H130096;null;null;GAS;null;null;null;PNG_2013;PENGADAAN TAHUN 2013
ANKAI;1;B 7624 IV;MERAH KOMBINASI;2013;null;09726;MKKL51G6RDL000011;WP10NG300E301613H130580;null;null;GAS;null;null;null;PNG_2013;PENGADAAN TAHUN 2013
ANKAI;1;B 7625 IV;MERAH KOMBINASI;2013;null;09726;MKKL51G6RDL000126;WP10NG300E301613H130083;null;null;GAS;null;null;null;PNG_2013;PENGADAAN TAHUN 2013
ANKAI;1;B 7627 IV;MERAH KOMBINASI;2013;null;09726;MKKL51G6RDL000141;WP10NG300E301613H130061;null;null;GAS;null;null;null;PNG_2013;PENGADAAN TAHUN 2013
ANKAI;1;B 7628 IV;MERAH KOMBINASI;2013;null;09726;MKKL51G6RDL000104;WP10NG300E301613H130641;null;null;GAS;null;null;null;PNG_2013;PENGADAAN TAHUN 2013
ANKAI;1;B 7629 IV;MERAH KOMBINASI;2013;null;09726;MKKL51G6RDL000140;WP10NG300E301613H130617;null;null;GAS;null;null;null;PNG_2013;PENGADAAN TAHUN 2013
ANKAI;1;B 7630 IV;MERAH KOMBINASI;2013;null;09726;MKKL51G6RDL000097;WP10NG300E301613H130686;null;null;GAS;null;null;null;PNG_2013;PENGADAAN TAHUN 2013
ANKAI;1;B 7631 IV;MERAH KOMBINASI;2013;null;09726;MKKL51G6RDL000053;WP10NG300E301613H132078;null;null;GAS;null;null;null;PNG_2013;PENGADAAN TAHUN 2013
ANKAI;1;B 7632 IV;MERAH KOMBINASI;2013;null;09726;MKKL51G6RDL000137;WP10NG300E301613H129632;null;null;GAS;null;null;null;PNG_2013;PENGADAAN TAHUN 2013
ANKAI;1;B 7633 IV;MERAH KOMBINASI;2013;null;09726;MKKL51G6RDL000090;WP10NG300E301613H130561;null;null;GAS;null;null;null;PNG_2013;PENGADAAN TAHUN 2013
ANKAI;1;B 7634 IV;MERAH KOMBINASI;2013;null;09726;MKKL51G6RDL000029;WP10NG300E301613H130438;null;null;GAS;null;null;null;PNG_2013;PENGADAAN TAHUN 2013
ANKAI;1;B 7635 IV;MERAH KOMBINASI;2013;null;09726;MKKL51G6RDL000050;WP10NG300E301613H130099;null;null;GAS;null;null;null;PNG_2013;PENGADAAN TAHUN 2013
ANKAI;1;B 7637 IV;MERAH KOMBINASI;2013;null;09726;MKKL51G6RDL000043;WP10NG300E301613H139034;null;null;GAS;null;null;null;PNG_2013;PENGADAAN TAHUN 2013
ANKAI;1;B 7638 IV;MERAH KOMBINASI;2013;null;09726;MKKL51G6RDL000034;WP10NG300E301613H130546;null;null;GAS;null;null;null;PNG_2013;PENGADAAN TAHUN 2013
ANKAI;1;B 7639 IV;MERAH KOMBINASI;2013;null;09726;MKKL51G6RDL000046;WP10NG300E301613H130456;null;null;GAS;null;null;null;PNG_2013;PENGADAAN TAHUN 2013
ANKAI;1;B 7640 IV;MERAH KOMBINASI;2013;null;09726;MKKL51G6RDL000002;WP10NG300E301613H130435;null;null;GAS;null;null;null;PNG_2013;PENGADAAN TAHUN 2013
ANKAI;1;B 7641 IV;MERAH KOMBINASI;2013;null;09726;MKKL51G6RDL000001;WP10NG300E301613H130544;null;null;GAS;null;null;null;PNG_2013;PENGADAAN TAHUN 2013
ANKAI;1;B 7642 IV;MERAH KOMBINASI;2013;null;09726;MKKL51G6RDL000131;WP10NG300E301613H130550;null;null;GAS;null;null;null;PNG_2013;PENGADAAN TAHUN 2013
ANKAI;1;B 7643 IV;MERAH KOMBINASI;2013;null;09726;MKKL51G6RDL000128;WP10NG300E301613H130074;null;null;GAS;null;null;null;PNG_2013;PENGADAAN TAHUN 2013
ANKAI;1;B 7644 IV;MERAH KOMBINASI;2013;null;09726;MKKL51G6RDL000092;WP10NG300E301613H130562;null;null;GAS;null;null;null;PNG_2013;PENGADAAN TAHUN 2013
ANKAI;1;B 7645 IV;MERAH KOMBINASI;2013;null;09726;MKKL51G6RDL000054;WP10NG300E301613H130624;null;null;GAS;null;null;null;PNG_2013;PENGADAAN TAHUN 2013
ANKAI;1;B 7647 IV;MERAH KOMBINASI;2013;null;09726;MKKL51G6RDL000071;WP10NG300E301613H130102;null;null;GAS;null;null;null;PNG_2013;PENGADAAN TAHUN 2013
ANKAI;1;B 7652 IV;MERAH KOMBINASI;2013;null;09726;MKKL51G6RDL000073;WP10NG300E301613H130068;null;null;GAS;null;null;null;PNG_2013;PENGADAAN TAHUN 2013
ZHONGTONG;1;B 7169 IX;MERAH KUNING;2013;null;11051;LDY6KL35700004433;302657800;null;null;GAS;null;null;null;PNG_2013;PENGADAAN TAHUN 2013
ZHONGTONG;1;B 7170 IX;MERAH KUNING;2013;null;11051;LDY6KL35700004408;302630800;null;null;GAS;null;null;null;PNG_2013;PENGADAAN TAHUN 2013
ZHONGTONG;1;B 7171 IX;MERAH KUNING;2013;null;11051;LDY6KL35700004428;302670100;null;null;GAS;null;null;null;PNG_2013;PENGADAAN TAHUN 2013
ZHONGTONG;1;B 7172 IX;MERAH KUNING;2013;null;11051;LDY6KL35700004426;302674800;null;null;GAS;null;null;null;PNG_2013;PENGADAAN TAHUN 2013
ZHONGTONG;1; B 7173 IX;MERAH KUNING;2013;null;11051;LDY6KL35700004427;302690800;null;null;GAS;null;null;null;PNG_2013;PENGADAAN TAHUN 2013
ZHONGTONG;1;B 7174 IX;MERAH KUNING;2013;null;11051;LDY6KL35700004422;302652800;null;null;GAS;null;null;null;PNG_2013;PENGADAAN TAHUN 2013
ZHONGTONG;1;B 7175 IX;MERAH KUNING;2013;null;11051;LDY6KL35700004434;302692800;null;null;GAS;null;null;null;PNG_2013;PENGADAAN TAHUN 2013
ZHONGTONG;1;B 7176 IX;MERAH KUNING;2013;null;11051;LDY6KL35700004425;302688800;null;null;GAS;null;null;null;PNG_2013;PENGADAAN TAHUN 2013
ZHONGTONG;1;B 7177 IX;MERAH KUNING;2013;null;11051;LDY6KL35700004430;302656800;null;null;GAS;null;null;null;PNG_2013;PENGADAAN TAHUN 2013
ZHONGTONG;1;B 7178 IX;MERAH KUNING;2013;null;11051;LDY6KL35700004424;302673800;null;null;GAS;null;null;null;PNG_2013;PENGADAAN TAHUN 2013
ZHONGTONG;1;B 7179 IX;MERAH KUNING;2013;null;11051;LDY6KL35700004421;302680800;null;null;GAS;null;null;null;PNG_2013;PENGADAAN TAHUN 2013
ZHONGTONG;1;B 7180 IX;MERAH KUNING;2013;null;11051;LDY6KL35700004431;302679800;null;null;GAS;null;null;null;PNG_2013;PENGADAAN TAHUN 2013
ZHONGTONG;1;B 7181 IX;MERAH KUNING;2013;null;11051;LDY6KL35700004407;302669800;null;null;GAS;null;null;null;PNG_2013;PENGADAAN TAHUN 2013
ZHONGTONG;1;B 7182 IX;MERAH KUNING;2013;null;11051;LDY6KL35700004419;302652800;null;null;GAS;null;null;null;PNG_2013;PENGADAAN TAHUN 2013
ZHONGTONG;1;B 7183 IX;MERAH KUNING;2013;null;11051;LDY6KL35700004432;302694800;null;null;GAS;null;null;null;PNG_2013;PENGADAAN TAHUN 2013
ZHONGTONG;1;B 7184 IX;MERAH KUNING;2013;null;11051;LDY6KL35700004413;302659800;null;null;GAS;null;null;null;PNG_2013;PENGADAAN TAHUN 2013
ZHONGTONG;1;B 7185 IX;MERAH KUNING;2013;null;11051;LDY6KL35700004405;302670800;null;null;GAS;null;null;null;PNG_2013;PENGADAAN TAHUN 2013
ZHONGTONG;1;B 7186 IX;MERAH KUNING;2013;null;11051;LDY6KL35700004408;302630800;null;null;GAS;null;null;null;PNG_2013;PENGADAAN TAHUN 2013
ZHONGTONG;1;B 7187 IX;MERAH KUNING;2013;null;11051;LDY6KL35700004423;302693800;null;null;GAS;null;null;null;PNG_2013;PENGADAAN TAHUN 2013
ZHONGTONG;1;B 7188 IX;MERAH KUNING;2013;null;11051;LDY6KL35700004410;302654800;null;null;GAS;null;null;null;PNG_2013;PENGADAAN TAHUN 2013
ZHONGTONG;1;B 7190 IX;MERAH KUNING;2013;null;11051;LDY6KL35700004416;302645800;null;null;GAS;null;null;null;PNG_2013;PENGADAAN TAHUN 2013
ZHONGTONG;1;B 7191 IX;MERAH KUNING;2013;null;11051;LDY6KL35700004406;302658800;null;null;GAS;null;null;null;PNG_2013;PENGADAAN TAHUN 2013
ZHONGTONG;1;B 7192 IX;MERAH KUNING;2013;null;11051;LDY6KL35700004411;302646800;null;null;GAS;null;null;null;PNG_2013;PENGADAAN TAHUN 2013
ZHONGTONG;1;B 7193 IX;MERAH KUNING;2013;null;11051;LDY6KL35700004416;302682800;null;null;GAS;null;null;null;PNG_2013;PENGADAAN TAHUN 2013
ZHONGTONG;1;B 7194 IX;MERAH KUNING;2013;null;11051;LDY6KL35700004409;302655800;null;null;GAS;null;null;null;PNG_2013;PENGADAAN TAHUN 2013
ZHONGTONG;1;B 7195 IX;MERAH KUNING;2013;null;11051;LDY6KL35700004414;302649800;null;null;GAS;null;null;null;PNG_2013;PENGADAAN TAHUN 2013
ZHONGTONG;1;B 7196 IX;MERAH KUNING;2013;null;11051;LDY6KL35700004414;302628800;null;null;GAS;null;null;null;PNG_2013;PENGADAAN TAHUN 2013
ZHONGTONG;1;B 7197 IX;MERAH KUNING;2013;null;11051;LDY6KL35700004417;302628800;null;null;GAS;null;null;null;PNG_2013;PENGADAAN TAHUN 2013
ZHONGTONG;1;B 7199 IX;MERAH KUNING;2013;null;11051;LDY6KL35700004429;302698800;null;null;GAS;null;null;null;PNG_2013;PENGADAAN TAHUN 2013
ZHONGTONG;1;B 7200 IX;MERAH KUNING;2013;null;11051;LDY6KL35700004430;302699800;null;null;GAS;null;null;null;PNG_2013;PENGADAAN TAHUN 2013
HINO RKBJSK-NHJ/R260;1;B 7201 IX;MERAH KUNING;2013;null;07684;MJERK8JSKDJN16037;null;TJ 0010 SB;null;SOLAR;null;null;null;HIBAH;BUS HIBAH
HINO RKBJSK-NHJ/R261;1;B 7202 IX;MERAH KUNING;2013;null;07684;MJERK8JSKDJN16036;null;TJ 0008 SB;null;SOLAR;null;null;null;HIBAH;BUS HIBAH
HINO RKBJSK-NHJ/R262;1;B 7203 IX;MERAH KUNING;2013;null;07684;MJERK8JSKDJN16034;null;TJ 0004 SB;null;SOLAR;null;null;null;HIBAH;BUS HIBAH
HINO RKBJSK-NHJ/R263;1;B 7204 IX;MERAH KUNING;2013;null;07684;MJERK8JSKDJN16035;null;TJ 0005 SB;null;SOLAR;null;null;null;HIBAH;BUS HIBAH
HINO RKBJSK-NHJ/R264;1;B 7205 IX;MERAH KUNING;2013;null;07684;MJERK8JSKDJN16033;null;TJ 0001 SB;null;SOLAR;null;null;null;HIBAH;BUS HIBAH
HINO RKBJSK-NHJ/R265;1;B 7206 IX;MERAH KUNING;2013;null;07684;MJERK8JSKDJN16018;null;TJ 0029 SB;null;SOLAR;null;null;null;HIBAH;BUS HIBAH
HINO RKBJSK-NHJ/R266;1;B 7207 IX;MERAH KUNING;2013;null;07684;MJERK8JSKDJN16029;null;TJ 0002 SB;null;SOLAR;null;null;null;HIBAH;BUS HIBAH
HINO RKBJSK-NHJ/R267;1;B 7208 IX;MERAH KUNING;2013;null;07684;MJERK8JSKDJN16045;null;TJ 0016 SB;null;SOLAR;null;null;null;HIBAH;BUS HIBAH
HINO RKBJSK-NHJ/R268;1;B 7209 IX;MERAH KUNING;2013;null;07684;MJERK8JSKDJN16044;null;TJ 0015 SB;null;SOLAR;null;null;null;HIBAH;BUS HIBAH
HINO RKBJSK-NHJ/R269;1;B 7210 IX;MERAH KUNING;2013;null;07684;MJERK8JSKDJN16043;null;TJ 0018 SB;null;SOLAR;null;null;null;HIBAH;BUS HIBAH
HINO RKBJSK-NHJ/R270;1;B 7211 IX;MERAH KUNING;2013;null;07684;MJERK8JSKDJN16042;null;TJ 0019 SB;null;SOLAR;null;null;null;HIBAH;BUS HIBAH
HINO RKBJSK-NHJ/R271;1;B 7212 IX;MERAH KUNING;2013;null;07684;MJERK8JSKDJN16041;null;TJ 0014 SB;null;SOLAR;null;null;null;HIBAH;BUS HIBAH
HINO RKBJSK-NHJ/R272;1;B 7213 IX;MERAH KUNING;2013;null;07684;MJERK8JSKDJN16040;null;TJ 0013 SB;null;SOLAR;null;null;null;HIBAH;BUS HIBAH
HINO RKBJSK-NHJ/R273;1;B 7214 IX;MERAH KUNING;2013;null;07684;MJERK8JSKDJN16039;null;TJ 0012 SB;null;SOLAR;null;null;null;HIBAH;BUS HIBAH
HINO RKBJSK-NHJ/R274;1;B 7215 IX;MERAH KUNING;2013;null;07684;MJERK8JSKDJN16038;null;TJ 0011 SB;null;SOLAR;null;null;null;HIBAH;BUS HIBAH
HINO RKBJSK-NHJ/R275;1;B 7216 IX;MERAH KUNING;2013;null;07684;MJERK8JSKDJN16021;null;TJ 0025 SB;null;SOLAR;null;null;null;HIBAH;BUS HIBAH
HINO RKBJSK-NHJ/R276;1;B 7217 IX;MERAH KUNING;2013;null;07684;MJERK8JSKDJN16020;null;TJ 0027 SB;null;SOLAR;null;null;null;HIBAH;BUS HIBAH
HINO RKBJSK-NHJ/R277;1;B 7218 IX;MERAH KUNING;2013;null;07684;MJERK8JSKDJN16019;null;TJ 0028 SB;null;SOLAR;null;null;null;HIBAH;BUS HIBAH
HINO RKBJSK-NHJ/R278;1;B 7219 IX;MERAH KUNING;2013;null;07684;MJERK8JSKDJN16241;null;TJ 0020 SB;null;SOLAR;null;null;null;HIBAH;BUS HIBAH
HINO RKBJSK-NHJ/R279;1;B 7220 IX;MERAH KUNING;2013;null;07684;MJERK8JSKDJN16046;null;TJ 0017 SB;null;SOLAR;null;null;null;HIBAH;BUS HIBAH
HINO RKBJSK-NHJ/R280;1;B 7221 IX;MERAH KUNING;2013;null;07684;MJERK8JSKDJN16025;null;TJ 0021 SB;null;SOLAR;null;null;null;HIBAH;BUS HIBAH
HINO RKBJSK-NHJ/R281;1;B 7222 IX;MERAH KUNING;2013;null;07684;MJERK8JSKDJN16024;null;TJ 0023 SB;null;SOLAR;null;null;null;HIBAH;BUS HIBAH
HINO RKBJSK-NHJ/R282;1;B 7223 IX;MERAH KUNING;2013;null;07684;MJERK8JSKDJN16023;null;TJ 0030 SB;null;SOLAR;null;null;null;HIBAH;BUS HIBAH
HINO RKBJSK-NHJ/R283;1;B 7224 IX;MERAH KUNING;2013;null;07684;MJERK8JSKDJN16022;null;TJ 0026 SB;null;SOLAR;null;null;null;HIBAH;BUS HIBAH
HINO RKBJSK-NHJ/R284;1;B 7225 IX;MERAH KUNING;2013;null;07684;MJERK8JSKDJN16026;null;TJ 0022 SB;null;SOLAR;null;null;null;HIBAH;BUS HIBAH
HINO RKBJSK-NHJ/R285;1;B 7226 IX;MERAH KUNING;2013;null;07684;MJERK8JSKDJN16027;null;TJ 0024 SB;null;SOLAR;null;null;null;HIBAH;BUS HIBAH
HINO RKBJSK-NHJ/R286;1;B 7227 IX;MERAH KUNING;2013;null;07684;MJERK8JSKDJN16028;null;TJ 0006 SB;null;SOLAR;null;null;null;HIBAH;BUS HIBAH
HINO RKBJSK-NHJ/R287;1;B 7228 IX;MERAH KUNING;2013;null;07684;MJERK8JSKDJN16030;null;TJ 0003 SB;null;SOLAR;null;null;null;HIBAH;BUS HIBAH
HINO RKBJSK-NHJ/R288;1;B 7229 IX;MERAH KUNING;2013;null;07684;MJERK8JSKDJN16031;null;TJ 0007 SB;null;SOLAR;null;null;null;HIBAH;BUS HIBAH
HINO RKBJSK-NHJ/R289;1;B 7230 IX;MERAH KUNING;2013;null;07684;MJERK8JSKDJN16032;null;TJ 0009 SB;null;SOLAR;null;null;null;HIBAH;BUS HIBAH
BCI;1;B 7001 PSM;Ungu Hijau;2013;null;07684;6 KT3CB117DX000571;null;TJ 0010 SB;null;Solar;null;null;null;PARIWISATA;BUS PARIWISATA
BCI;1;B 7002 PSM;Ungu Hijau;2013;null;07685;6 KT3CB117DX000575;null;TJ 0008 SB;null;Solar;null;null;null;PARIWISATA;BUS PARIWISATA
BCI;1;B 7003 PSM;Ungu Hijau;2013;null;07686;6 KT3CB117DX000574;null;TJ 0004 SB;null;Solar;null;null;null;PARIWISATA;BUS PARIWISATA
BCI;1;B 7004 PSM;Ungu Hijau;2013;null;07687;6 KT3CB117DX000572;null;TJ 0005 SB;null;Solar;null;null;null;PARIWISATA;BUS PARIWISATA
BCI;1;B 7005 PSM;Ungu Hijau;2013;null;07688;6 KT3CB117DX000573;null;TJ 0001 SB;null;Solar;null;null;null;PARIWISATA;BUS PARIWISATA
Hino RG 1 SJ;2;B 7019 IS;null;null;2002;null;null;BCTFJ10946;null;null;null;0001;7961;B;PNG_SBLM_2013;PENGADAAN SEBELUM TAHUN 2013
Mercedez OH 15;2;B 7047 IS;null;null;2002;null;null;B160538027;null;null;null;s/d;5958;B;PNG_SBLM_2013;PENGADAAN SEBELUM TAHUN 2013
Hino RG 1 SJ;2;B 7018 IS;null;null;2003;null;null;CTF11127;null;null;null;s/d;7961;B;PNG_SBLM_2013;PENGADAAN SEBELUM TAHUN 2013
Hino RG 1 SJ;2;B 7012 IS;null;null;2003;null;null;CTF11141;null;null;null;s/d;7961;B;PNG_SBLM_2013;PENGADAAN SEBELUM TAHUN 2013
Hino RG 1 SJ;2;B 7013 IS;null;null;2003;null;null;CTF11063;null;null;null;s/d;7961;B;PNG_SBLM_2013;PENGADAAN SEBELUM TAHUN 2013
Hino RG 1 SJ;2;B 7014 IS;null;null;2003;null;null;CTF11090;null;null;null;s/d;7961;B;PNG_SBLM_2013;PENGADAAN SEBELUM TAHUN 2013
Hino RG 1 SJ;2;B 7015 IS;null;null;2003;null;null;CTF11140;null;null;null;s/d;7961;B;PNG_SBLM_2013;PENGADAAN SEBELUM TAHUN 2013
Hino RG 1 SJ;2;B 7016 IS;null;null;2003;null;null;CTF11171;null;null;null;s/d;7961;B;PNG_SBLM_2013;PENGADAAN SEBELUM TAHUN 2013
Hino RG 1 SJ;2;B 7017 IS;null;null;2003;null;null;CTF11144;null;null;null;s/d;7961;B;PNG_SBLM_2013;PENGADAAN SEBELUM TAHUN 2013
Hino RG 1 SJ;2;B 7020 IS;null;null;2003;null;null;CTF11170;null;null;null;s/d;7961;B;PNG_SBLM_2013;PENGADAAN SEBELUM TAHUN 2013
Hino RG 1 SJ;2;B 7021 IS;null;null;2003;null;null;CTF11164;null;null;null;s/d;7961;B;PNG_SBLM_2013;PENGADAAN SEBELUM TAHUN 2013
Hino RG 1 SJ;2;B 7022 IS;null;null;2003;null;null;CTF11166;null;null;null;s/d;7961;B;PNG_SBLM_2013;PENGADAAN SEBELUM TAHUN 2013
Hino RG 1 SJ;2;B 7023 IS;null;null;2003;null;null;CTF11131;null;null;null;s/d;7961;B;PNG_SBLM_2013;PENGADAAN SEBELUM TAHUN 2013
Hino RG 1 SJ;2;B 7024 IS;null;null;2003;null;null;CTF11135;null;null;null;s/d;7961;B;PNG_SBLM_2013;PENGADAAN SEBELUM TAHUN 2013
Hino RG 1 SJ;2;B 7025 IS;null;null;2003;null;null;CTF11132;null;null;null;s/d;7961;B;PNG_SBLM_2013;PENGADAAN SEBELUM TAHUN 2013
Hino RG 1 SJ;2;B 7026 IS;null;null;2003;null;null;CTF11159;null;null;null;s/d;7961;B;PNG_SBLM_2013;PENGADAAN SEBELUM TAHUN 2013
Hino RG 1 SJ;2;B 7027 IS;null;null;2003;null;null;CTF11154;null;null;null;s/d;7961;B;PNG_SBLM_2013;PENGADAAN SEBELUM TAHUN 2013
Hino RG 1 SJ;2;B 7029 IS;null;null;2003;null;null;CTF11168;null;null;null;s/d;7961;B;PNG_SBLM_2013;PENGADAAN SEBELUM TAHUN 2013
Hino RG 1 SJ;2;B 7031 IS;null;null;2003;null;null;CTF11133;null;null;null;s/d;7961;B;PNG_SBLM_2013;PENGADAAN SEBELUM TAHUN 2013
Hino RG 1 SJ;2;B 7032 IS;null;null;2003;null;null;CTF11130;null;null;null;s/d;7961;B;PNG_SBLM_2013;PENGADAAN SEBELUM TAHUN 2013
Hino RG 1 SJ;2;B 7033 IS;null;null;2003;null;null;CTF11145;null;null;null;s/d;7961;B;PNG_SBLM_2013;PENGADAAN SEBELUM TAHUN 2013
Hino RG 1 SJ;2;B 7034 IS;null;null;2003;null;null;CTF11128;null;null;null;s/d;7961;B;PNG_SBLM_2013;PENGADAAN SEBELUM TAHUN 2013
Hino RG 1 SJ;2;B 7040 IS;null;null;2003;null;null;CTF11129;null;null;null;s/d;7961;B;PNG_SBLM_2013;PENGADAAN SEBELUM TAHUN 2013
Hino RG 1 SJ;2;B 7041 IS;null;null;2003;null;null;CTF11167;null;null;null;s/d;7961;B;PNG_SBLM_2013;PENGADAAN SEBELUM TAHUN 2013
Hino RG 1 SJ;2;B 7042 IS;null;null;2003;null;null;CTF11169;null;null;null;s/d;7961;B;PNG_SBLM_2013;PENGADAAN SEBELUM TAHUN 2013
Hino RG 1 SJ;2;B 7044 IS;null;null;2003;null;null;CTF11137;null;null;null;s/d;7961;B;PNG_SBLM_2013;PENGADAAN SEBELUM TAHUN 2013
Hino RG 1 SJ;2;B 7045 IS;null;null;2003;null;null;CTF11134;null;null;null;s/d;7961;B;PNG_SBLM_2013;PENGADAAN SEBELUM TAHUN 2013
Hino RG 1 SJ;2;B 7049 IS;null;null;2003;null;null;CTF11138;null;null;null;s/d;7961;B;PNG_SBLM_2013;PENGADAAN SEBELUM TAHUN 2013
Hino RG 1 SJ;2;B 7050 IS;null;null;2003;null;null;CTF11142;null;null;null;s/d;7961;B;PNG_SBLM_2013;PENGADAAN SEBELUM TAHUN 2013
Hino RG 1 SJ;2;B 7052 IS;null;null;2003;null;null;CTF11156;null;null;null;s/d;7961;B;PNG_SBLM_2013;PENGADAAN SEBELUM TAHUN 2013
Hino RG 1 SJ;2;B 7053 IS;null;null;2003;null;null;CTF11157;null;null;null;s/d;7961;B;PNG_SBLM_2013;PENGADAAN SEBELUM TAHUN 2013
Hino RG 1 SJ;2;B 7054 IS;null;null;2003;null;null;CTF11155;null;null;null;s/d;7961;B;PNG_SBLM_2013;PENGADAAN SEBELUM TAHUN 2013
Hino RG 1 SJ;2;B 7055 IS;null;null;2003;null;null;CTF11165;null;null;null;s/d;7961;B;PNG_SBLM_2013;PENGADAAN SEBELUM TAHUN 2013
Hino RG 1 SJ;2;B 7056 IS;null;null;2003;null;null;CTF11153;null;null;null;s/d;7961;B;PNG_SBLM_2013;PENGADAAN SEBELUM TAHUN 2013
Hino RG 1 SJ;2;B 7057 IS;null;null;2003;null;null;CTF11143;null;null;null;s/d;7961;B;PNG_SBLM_2013;PENGADAAN SEBELUM TAHUN 2013
Hino RG 1 SJ;2;B 7058 IS;null;null;2003;null;null;CTF11152;null;null;null;s/d;7961;B;PNG_SBLM_2013;PENGADAAN SEBELUM TAHUN 2013
Hino RG 1 SJ;2;B 7059 IS;null;null;2003;null;null;CTF11147;null;null;null;s/d;7961;B;PNG_SBLM_2013;PENGADAAN SEBELUM TAHUN 2013
Hino RG 1 SJ;2;B 7060 IS;null;null;2003;null;null;CTF111051;null;null;null;s/d;7961;B;PNG_SBLM_2013;PENGADAAN SEBELUM TAHUN 2013
Hino RG 1 SJ;2;B 7061 IS;null;null;2003;null;null;CTF111050;null;null;null;s/d;7961;B;PNG_SBLM_2013;PENGADAAN SEBELUM TAHUN 2013
Mercedez OH 152;2;B 7028 IS;null;null;2003;null;null;B160556059;null;null;null;s/d;5958;B;PNG_SBLM_2013;PENGADAAN SEBELUM TAHUN 2013
Mercedez OH 152;2;B 7030 IS;null;null;2003;null;null;B160556064;null;null;null;s/d;5958;B;PNG_SBLM_2013;PENGADAAN SEBELUM TAHUN 2013
Mercedez OH 152;2;B 7035 IS;null;null;2003;null;null;B160537460;null;null;null;s/d;5958;B;PNG_SBLM_2013;PENGADAAN SEBELUM TAHUN 2013
Mercedez OH 152;2;B 7036 IS;null;null;2003;null;null;B160556065;null;null;null;s/d;5958;B;PNG_SBLM_2013;PENGADAAN SEBELUM TAHUN 2013
Mercedez OH 152;2;B 7037 IS;null;null;2003;null;null;B160556056;null;null;null;s/d;5958;B;PNG_SBLM_2013;PENGADAAN SEBELUM TAHUN 2013
Mercedez OH 152;2;B 7038 IS;null;null;2003;null;null;B160556057;null;null;null;s/d;5958;B;PNG_SBLM_2013;PENGADAAN SEBELUM TAHUN 2013
Mercedez OH 152;2;B 7039 IS;null;null;2003;null;null;B160556055;null;null;null;s/d;5958;B;PNG_SBLM_2013;PENGADAAN SEBELUM TAHUN 2013
Mercedez OH 152;2;B 7046 IS;null;null;2003;null;null;B160556053;null;null;null;s/d;5958;B;PNG_SBLM_2013;PENGADAAN SEBELUM TAHUN 2013
Mercedez OH 152;2;B 7048 IS;null;null;2003;null;null;B160537471;null;null;null;s/d;5958;B;PNG_SBLM_2013;PENGADAAN SEBELUM TAHUN 2013
Mercedez OH 152;2;B 7051 IS;null;null;2003;null;null;B160529260;null;null;null;s/d;5958;B;PNG_SBLM_2013;PENGADAAN SEBELUM TAHUN 2013
Mercedez OH 152;2;B 7062 IS;null;null;2003;null;null;B160556063;null;null;null;s/d;5958;B;PNG_SBLM_2013;PENGADAAN SEBELUM TAHUN 2013
Mercedez OH 152;2;B 7063 IS;null;null;2003;null;null;B160556052;null;null;null;s/d;5958;B;PNG_SBLM_2013;PENGADAAN SEBELUM TAHUN 2013
Mercedez OH 152;2;B 7064 IS;null;null;2003;null;null;B160556054;null;null;null;s/d;5958;B;PNG_SBLM_2013;PENGADAAN SEBELUM TAHUN 2013
Mercedez OH 152;2;B 7066 IS;null;null;2003;null;null;B160556061;null;null;null;s/d;5958;B;PNG_SBLM_2013;PENGADAAN SEBELUM TAHUN 2013
Mercedez OH 152;2;B 7067 IS;null;null;2003;null;null;B160556060;null;null;null;s/d;5958;B;PNG_SBLM_2013;PENGADAAN SEBELUM TAHUN 2013
Mercedez OH 152;2;B 7365 IS;null;null;2003;null;null;B160556062;null;null;null;s/d;5958;B;PNG_SBLM_2013;PENGADAAN SEBELUM TAHUN 2013
Hino;2;B 7721 IS;null;null;2004;null;null;SK4JA11877;null;null;null;s/d;7961;B;PNG_SBLM_2013;PENGADAAN SEBELUM TAHUN 2013
Hino;2;B 7722 IS;null;null;2004;null;null;SK4JA11876;null;null;null;s/d;7961;B;PNG_SBLM_2013;PENGADAAN SEBELUM TAHUN 2013
Hino;2;B 7723 IS;null;null;2004;null;null;SK4JA11842;null;null;null;s/d;7961;B;PNG_SBLM_2013;PENGADAAN SEBELUM TAHUN 2013
Hino;2;B 7724 IS;null;null;2004;null;null;SK4JA11833;null;null;null;s/d;7961;B;PNG_SBLM_2013;PENGADAAN SEBELUM TAHUN 2013
Hino;2;B 7725 IS;null;null;2004;null;null;SK4JA11868;null;null;null;s/d;7961;B;PNG_SBLM_2013;PENGADAAN SEBELUM TAHUN 2013
Hino;2;B 7726 IS;null;null;2004;null;null;SK4JA11860;null;null;null;s/d;7961;B;PNG_SBLM_2013;PENGADAAN SEBELUM TAHUN 2013
Hino;2;B 7728 IS;null;null;2004;null;null;SK4JA11864;null;null;null;s/d;7961;B;PNG_SBLM_2013;PENGADAAN SEBELUM TAHUN 2013
Hino;2;B 7729 IS;null;null;2004;null;null;SK4JA11855;null;null;null;s/d;7961;B;PNG_SBLM_2013;PENGADAAN SEBELUM TAHUN 2013
Hino;2;B 7730 IS;null;null;2004;null;null;SK4JA11854;null;null;null;s/d;7961;B;PNG_SBLM_2013;PENGADAAN SEBELUM TAHUN 2013
Hino;2;B 7731 IS;null;null;2004;null;null;SK4JA11853;null;null;null;s/d;7961;B;PNG_SBLM_2013;PENGADAAN SEBELUM TAHUN 2013
Hino;2;B 7732 IS;null;null;2004;null;null;SK4JA11872;null;null;null;s/d;7961;B;PNG_SBLM_2013;PENGADAAN SEBELUM TAHUN 2013
Hino;2;B 7734 IS;null;null;2004;null;null;SK4JA11858;null;null;null;s/d;7961;B;PNG_SBLM_2013;PENGADAAN SEBELUM TAHUN 2013
Hino;2;B 7735 IS;null;null;2004;null;null;SK4JA11874;null;null;null;s/d;7961;B;PNG_SBLM_2013;PENGADAAN SEBELUM TAHUN 2013
Hino;2;B 7736 IS;null;null;2004;null;null;SK4JA11850;null;null;null;s/d;7961;B;PNG_SBLM_2013;PENGADAAN SEBELUM TAHUN 2013
Hino;2;B 7737 IS;null;null;2004;null;null;SK4JA11859;null;null;null;s/d;7961;B;PNG_SBLM_2013;PENGADAAN SEBELUM TAHUN 2013
Hino;2;B 7738 IS;null;null;2004;null;null;SK4JA11847;null;null;null;s/d;7961;B;PNG_SBLM_2013;PENGADAAN SEBELUM TAHUN 2013
Hino;2;B 7739 IS;null;null;2004;null;null;SK4JA11848;null;null;null;s/d;7961;B;PNG_SBLM_2013;PENGADAAN SEBELUM TAHUN 2013
Hino;2;B 7740 IS;null;null;2004;null;null;SK4JA11851;null;null;null;s/d;7961;B;PNG_SBLM_2013;PENGADAAN SEBELUM TAHUN 2013
Hino;2;B 7742 IS;null;null;2004;null;null;SK4JA11844;null;null;null;s/d;7961;B;PNG_SBLM_2013;PENGADAAN SEBELUM TAHUN 2013
Hino;2;B 7743 IS;null;null;2004;null;null;SK4JA11869;null;null;null;s/d;7961;B;PNG_SBLM_2013;PENGADAAN SEBELUM TAHUN 2013
Hino;2;BTT 33 IS;null;null;2004;null;null;SK4JA11873;null;null;null;s/d;7961;B;PNG_SBLM_2013;PENGADAAN SEBELUM TAHUN 2013
Mercedez;2;B 7745 IS;null;null;2004;null;null;634J010760;null;null;null;s/d;5958;B;PNG_SBLM_2013;PENGADAAN SEBELUM TAHUN 2013
Mercedez;2;B 7746 IS;null;null;2004;null;null;634J010769;null;null;null;s/d;5958;B;PNG_SBLM_2013;PENGADAAN SEBELUM TAHUN 2013
Mercedez;2;B 7747 IS;null;null;2004;null;null;634J010768;null;null;null;s/d;5958;B;PNG_SBLM_2013;PENGADAAN SEBELUM TAHUN 2013
Mercedez;2;B 7748 IS;null;null;2004;null;null;634J010767;null;null;null;s/d;5958;B;PNG_SBLM_2013;PENGADAAN SEBELUM TAHUN 2013
Mercedez;2;B 7749 IS;null;null;2004;null;null;634J010765;null;null;null;s/d;5958;B;PNG_SBLM_2013;PENGADAAN SEBELUM TAHUN 2013
Mercedez;2;B 7750 IS;null;null;2004;null;null;634J010766;null;null;null;s/d;5958;B;PNG_SBLM_2013;PENGADAAN SEBELUM TAHUN 2013
Mercedez;2;B 7751 IS;null;null;2004;null;null;634J010764;null;null;null;s/d;5958;B;PNG_SBLM_2013;PENGADAAN SEBELUM TAHUN 2013
Mercedez;2;B 7752 IS;null;null;2004;null;null;634J010763;null;null;null;s/d;5958;B;PNG_SBLM_2013;PENGADAAN SEBELUM TAHUN 2013
Mercedez;2;B 7753 IS;null;null;2004;null;null;634J010762;null;null;null;s/d;5958;B;PNG_SBLM_2013;PENGADAAN SEBELUM TAHUN 2013
Mercedez;2;B 7754 IS;null;null;2004;null;null;634J010759;null;null;null;s/d;5958;B;PNG_SBLM_2013;PENGADAAN SEBELUM TAHUN 2013
Mercedez;2;B 7755 IS;null;null;2004;null;null;634J010761;null;null;null;0095;5958;B;PNG_SBLM_2013;PENGADAAN SEBELUM TAHUN 2013
AAI BUS/KOMODO CNG (6x2) AT;3;B 7810 IV;null;null;2010;null;null;GE12TJ002921SE;null;null;null;s/d;11051;B;PNG_SBLM_2013;PENGADAAN SEBELUM TAHUN 2013
AAI BUS/KOMODO CNG (6x2) AT;3;B 7811 IV;null;null;2010;null;null;GE12TJ002920SE;null;null;null;s/d;11051;B;PNG_SBLM_2013;PENGADAAN SEBELUM TAHUN 2013
AAI BUS/KOMODO CNG (6x2) AT;3;B 7812 IV;null;null;2010;null;null;GE12TJ002919SE;null;null;null;s/d;11051;B;PNG_SBLM_2013;PENGADAAN SEBELUM TAHUN 2013
AAI BUS/KOMODO CNG (6x2) AT;3;B 7813 IV;null;null;2010;null;null;GE12TJ002922SE;null;null;null;s/d;11051;B;PNG_SBLM_2013;PENGADAAN SEBELUM TAHUN 2013
AAI BUS/KOMODO CNG (6x2) AT;3;B 7814 IV;null;null;2010;null;null;GE12TJ00294DSE;null;null;null;s/d;11051;B;PNG_SBLM_2013;PENGADAAN SEBELUM TAHUN 2013
AAI BUS/KOMODO CNG (6x2) AT;3;B 7815 IV;null;null;2010;null;null;GE12TJ002923SE;null;null;null;s/d;11051;B;PNG_SBLM_2013;PENGADAAN SEBELUM TAHUN 2013
AAI BUS/KOMODO CNG (6x2) AT;3;B 7816 IV;null;null;2010;null;null;GE12TJ002992SE;null;null;null;s/d;11051;B;PNG_SBLM_2013;PENGADAAN SEBELUM TAHUN 2013
AAI BUS/KOMODO CNG (6x2) AT;3;B 7817 IV;null;null;2010;null;null;GE12TJ002939SE;null;null;null;s/d;11051;B;PNG_SBLM_2013;PENGADAAN SEBELUM TAHUN 2013
AAI BUS/KOMODO CNG (6x2) AT;3;B 7818 IV;null;null;2010;null;null;GE12TJ002941SE;null;null;null;s/d;11051;B;PNG_SBLM_2013;PENGADAAN SEBELUM TAHUN 2013
AAI BUS/KOMODO CNG (6x2) AT;3;B 7819 IV;null;null;2010;null;null;GE12TJ002942SE;null;null;null;s/d;11051;B;PNG_SBLM_2013;PENGADAAN SEBELUM TAHUN 2013
AAI BUS/KOMODO CNG (6x2) AT;3;B 7820 IV;null;null;2010;null;null;GE12TJ0035015SE;null;null;null;s/d;11051;B;PNG_SBLM_2013;PENGADAAN SEBELUM TAHUN 2013
AAI BUS/KOMODO CNG (6x2) AT;3;B 7821 IV;null;null;2010;null;null;GE12TJ003741SE;null;null;null;s/d;11051;B;PNG_SBLM_2013;PENGADAAN SEBELUM TAHUN 2013
AAI BUS/KOMODO CNG (6x2) AT;3;B 7822 IV;null;null;2010;null;null;GE12TJ003742SE;null;null;null;s/d;11051;B;PNG_SBLM_2013;PENGADAAN SEBELUM TAHUN 2013
AAI BUS/KOMODO CNG (6x2) AT;3;B 7823 IV;null;null;2010;null;null;GE12TJ003743SE;null;null;null;s/d;11051;B;PNG_SBLM_2013;PENGADAAN SEBELUM TAHUN 2013
AAI BUS/KOMODO CNG (6x2) AT;3;B 7824 IV;null;null;2010;null;null;GE12TJ003744SE;null;null;null;s/d;11051;B;PNG_SBLM_2013;PENGADAAN SEBELUM TAHUN 2013
AAI BUS/KOMODO CNG (6x2) AT;3;B 7825 IV;null;null;2010;null;null;GE12TJ003745SE;null;null;null;s/d;11051;B;PNG_SBLM_2013;PENGADAAN SEBELUM TAHUN 2013
AAI BUS/KOMODO CNG (6x2) AT;3;B 7826 IV;null;null;2010;null;null;GE12TJ003772SE;null;null;null;s/d;11051;B;PNG_SBLM_2013;PENGADAAN SEBELUM TAHUN 2013
AAI BUS/KOMODO CNG (6x2) AT;3;B 7827 IV;null;null;2010;null;null;GE12TJ003773SE;null;null;null;s/d;11051;B;PNG_SBLM_2013;PENGADAAN SEBELUM TAHUN 2013
AAI BUS/KOMODO CNG (6x2) AT;3;B 7828 IV;null;null;2010;null;null;GE12TJ003774SE;null;null;null;s/d;11051;B;PNG_SBLM_2013;PENGADAAN SEBELUM TAHUN 2013
AAI BUS/KOMODO CNG (6x2) AT;3;B 7829 IV;null;null;2010;null;null;GE12TJ003775SE;null;null;null;s/d;11051;B;PNG_SBLM_2013;PENGADAAN SEBELUM TAHUN 2013
AAI BUS/KOMODO CNG (6x2) AT;3;B 7830 IV;null;null;2010;null;null;GE12TJ003799SE;null;null;null;s/d;11051;B;PNG_SBLM_2013;PENGADAAN SEBELUM TAHUN 2013
AAI BUS/KOMODO CNG (6x2) AT;3;B 7831 IV;null;null;2010;null;null;GE12TJ003800SE;null;null;null;s/d;11051;B;PNG_SBLM_2013;PENGADAAN SEBELUM TAHUN 2013
AAI BUS/KOMODO CNG (6x2) AT;3;B 7832 IV;null;null;2010;null;null;GE12TJ003801SE;null;null;null;s/d;11051;B;PNG_SBLM_2013;PENGADAAN SEBELUM TAHUN 2013
AAI BUS/KOMODO CNG (6x2) AT;3;B 7833 IV;null;null;2010;null;null;GE12TJ003802SE;null;null;null;s/d;11051;B;PNG_SBLM_2013;PENGADAAN SEBELUM TAHUN 2013
AAI BUS/KOMODO CNG (6x2) AT;3;B 7834 IV;null;null;2010;null;null;GE12TJ003803SE;null;null;null;s/d;11051;B;PNG_SBLM_2013;PENGADAAN SEBELUM TAHUN 2013
HYUNDAI/AEROSPAC LONG4x2AT;4;B 7219 IV;null;null;2010;null;null;C6AB7134520;null;null;null;s/d ;11149;B;PNG_SBLM_2013;PENGADAAN SEBELUM TAHUN 2013
HYUNDAI/AEROSPAC LONG4x2AT;4;B 7223 IV;null;null;2010;null;null;C6AB7134400;null;null;null;s/d ;11149;B;PNG_SBLM_2013;PENGADAAN SEBELUM TAHUN 2013
HYUNDAI/AEROSPAC LONG4x2AT;4;B 7225 IV;null;null;2010;null;null;C6AB7134519;null;null;null;s/d ;11149;B;PNG_SBLM_2013;PENGADAAN SEBELUM TAHUN 2013
HYUNDAI/AEROSPAC LONG4x2AT;4;B 7227 IV;null;null;2010;null;null;C6AB7134370;null;null;null;s/d ;11149;B;PNG_SBLM_2013;PENGADAAN SEBELUM TAHUN 2013
HYUNDAI/AEROSPAC LONG4x2AT;4;B 7231 IV;null;null;2010;null;null;C6AB7134367;null;null;null;s/d ;11149;B;PNG_SBLM_2013;PENGADAAN SEBELUM TAHUN 2013
HYUNDAI/AEROSPAC LONG4x2AT;4;B 7234 IV;null;null;2010;null;null;C6AB7134383;null;null;null;s/d ;11149;B;PNG_SBLM_2013;PENGADAAN SEBELUM TAHUN 2013
HYUNDAI/AEROSPAC LONG4x2AT;4;B 7235 IV;null;null;2010;null;null;C6AB7134516;null;null;null;s/d ;11149;B;PNG_SBLM_2013;PENGADAAN SEBELUM TAHUN 2013
HYUNDAI/AEROSPAC LONG4x2AT;4;B 7240 IV;null;null;2010;null;null;C6AB7134399;null;null;null;s/d ;11149;B;PNG_SBLM_2013;PENGADAAN SEBELUM TAHUN 2013
HYUNDAI/AEROSPAC LONG4x2AT;4;B 7242 IV;null;null;2010;null;null;C6AB7133932;null;null;null;s/d ;11149;B;PNG_SBLM_2013;PENGADAAN SEBELUM TAHUN 2013
HYUNDAI/AEROSPAC LONG4x2AT;4;B 7244 IV;null;null;2010;null;null;C6AB7134384;null;null;null;s/d ;11149;B;PNG_SBLM_2013;PENGADAAN SEBELUM TAHUN 2013
HYUNDAI/AEROSPAC LONG4x2AT;4;B 7247 IV;null;null;2010;null;null;C6AB7133565;null;null;null;s/d ;11149;B;PNG_SBLM_2013;PENGADAAN SEBELUM TAHUN 2013
HYUNDAI/AEROSPAC LONG4x2AT;4;B 7255 IV;null;null;2010;null;null;C6AB7136396;null;null;null;s/d ;11149;B;PNG_SBLM_2013;PENGADAAN SEBELUM TAHUN 2013
HYUNDAI/AEROSPAC LONG4x2AT;4;B 7258 IV;null;null;2010;null;null;C6AB7138716;null;null;null;s/d ;11149;B;PNG_SBLM_2013;PENGADAAN SEBELUM TAHUN 2013
HYUNDAI/AEROSPAC LONG4x2AT;4;B 7260 IV;null;null;2010;null;null;C6AB7136193;null;null;null;s/d ;11149;B;PNG_SBLM_2013;PENGADAAN SEBELUM TAHUN 2013
HYUNDAI/AEROSPAC LONG4x2AT;4;B 7270 IV;null;null;2010;null;null;C6AB7134423;null;null;null;s/d ;11149;B;PNG_SBLM_2013;PENGADAAN SEBELUM TAHUN 2013
HYUNDAI/AEROSPAC LONG4x2AT;4;B 7271 IV;null;null;2010;null;null;C6AB7134421;null;null;null;s/d ;11149;B;PNG_SBLM_2013;PENGADAAN SEBELUM TAHUN 2013
HYUNDAI/AEROSPAC LONG4x2AT;4;B 7272 IV;null;null;2010;null;null;C6AB7134412;null;null;null;s/d ;11149;B;PNG_SBLM_2013;PENGADAAN SEBELUM TAHUN 2013
HYUNDAI/AEROSPAC LONG4x2AT;4;B 7273 IV;null;null;2010;null;null;C6AB7134398;null;null;null;s/d ;11149;B;PNG_SBLM_2013;PENGADAAN SEBELUM TAHUN 2013
HYUNDAI/AEROSPAC LONG4x2AT;4;B 7274 IV;null;null;2010;null;null;C6AB7134381;null;null;null;s/d ;11149;B;PNG_SBLM_2013;PENGADAAN SEBELUM TAHUN 2013
HYUNDAI/AEROSPAC LONG4x2AT;4;B 7275 IV;null;null;2010;null;null;C6AB7133923;null;null;null;s/d ;11149;B;PNG_SBLM_2013;PENGADAAN SEBELUM TAHUN 2013
HYUNDAI/AEROSPAC LONG4x2AT;4;B 7277 IV;null;null;2010;null;null;C6AB7138715;null;null;null;s/d ;11149;B;PNG_SBLM_2013;PENGADAAN SEBELUM TAHUN 2013
HYUNDAI/AEROSPAC LONG4x2AT;4;B 7278 IV;null;null;2010;null;null;C6AB7133553;null;null;null;s/d ;11149;B;PNG_SBLM_2013;PENGADAAN SEBELUM TAHUN 2013
HYUNDAI/AEROSPAC LONG4x2AT;4;B 7279 IV;null;null;2010;null;null;C6AB7133552;null;null;null;s/d ;11149;B;PNG_SBLM_2013;PENGADAAN SEBELUM TAHUN 2013
HYUNDAI/AEROSPAC LONG4x2AT;4;B 7280 IV;null;null;2010;null;null;C6AB7134517;null;null;null;s/d ;11149;B;PNG_SBLM_2013;PENGADAAN SEBELUM TAHUN 2013
HYUNDAI/AEROSPAC LONG4x2AT;4;B 7281 IV;null;null;2010;null;null;C6AB7133924;null;null;null;s/d ;11149;B;PNG_SBLM_2013;PENGADAAN SEBELUM TAHUN 2013
HYUNDAI/AEROSPAC LONG4x2AT;4;B 7282 IV;null;null;2010;null;null;C6AB7134397;null;null;null;s/d ;11149;B;PNG_SBLM_2013;PENGADAAN SEBELUM TAHUN 2013
HYUNDAI/AEROSPAC LONG4x2AT;4;B 7283 IV;null;null;2010;null;null;C6AB7134368;null;null;null;s/d ;11149;B;PNG_SBLM_2013;PENGADAAN SEBELUM TAHUN 2013
HYUNDAI/AEROSPAC LONG4x2AT;4;B 7284 IV;null;null;2010;null;null;C6AB7133773;null;null;null;s/d ;11149;B;PNG_SBLM_2013;PENGADAAN SEBELUM TAHUN 2013
HYUNDAI/AEROSPAC LONG4x2AT;4;B 7287 IV;null;null;2010;null;null;C6AB7133554;null;null;null;s/d ;11149;B;PNG_SBLM_2013;PENGADAAN SEBELUM TAHUN 2013
HYUNDAI/AEROSPAC LONG4x2AT;4;B 7288 IV;null;null;2010;null;null;C6AB7134366;null;null;null;s/d ;11149;B;PNG_SBLM_2013;PENGADAAN SEBELUM TAHUN 2013
HYUNDAI/AEROSPAC LONG4x2AT;4;B 7290 IV;null;null;2010;null;null;C6AB7136194;null;null;null;s/d ;11149;B;PNG_SBLM_2013;PENGADAAN SEBELUM TAHUN 2013
HYUNDAI/AEROSPAC LONG4x2AT;4;B 7291 IV;null;null;2010;null;null;C6AB7136208;null;null;null;s/d ;11149;B;PNG_SBLM_2013;PENGADAAN SEBELUM TAHUN 2013
HYUNDAI/AEROSPAC LONG4x2AT;4;B 7292 IV;null;null;2010;null;null;C6AB7136195;null;null;null;s/d ;11149;B;PNG_SBLM_2013;PENGADAAN SEBELUM TAHUN 2013
HYUNDAI/AEROSPAC LONG4x2AT;4;B 7293 IV;null;null;2010;null;null;C6AB7134422;null;null;null;s/d ;11149;B;PNG_SBLM_2013;PENGADAAN SEBELUM TAHUN 2013
HYUNDAI/AEROSPAC LONG4x2AT;4;B 7294 IV;null;null;2010;null;null;C6AB7138713;null;null;null;s/d ;11149;B;PNG_SBLM_2013;PENGADAAN SEBELUM TAHUN 2013
HYUNDAI/AEROSPAC LONG4x2AT;4;B 7217 IV;null;null;2010;null;null;C6AB71333775;null;null;null;s/d ;11149;B;PNG_SBLM_2013;PENGADAAN SEBELUM TAHUN 2013
HYUNDAI/AEROSPAC LONG4x2AT;4;B 7218 IV;null;null;2010;null;null;C6AB7133935;null;null;null;s/d ;11149;B;PNG_SBLM_2013;PENGADAAN SEBELUM TAHUN 2013
HYUNDAI/AEROSPAC LONG4x2AT;4;B 7220 IV;null;null;2010;null;null;C6AB7134382;null;null;null;s/d ;11149;B;PNG_SBLM_2013;PENGADAAN SEBELUM TAHUN 2013
HYUNDAI/AEROSPAC LONG4x2AT;4;B 7221 IV;null;null;2010;null;null;C6AB7133761;null;null;null;s/d ;11149;B;PNG_SBLM_2013;PENGADAAN SEBELUM TAHUN 2013
HYUNDAI/AEROSPAC LONG4x2AT;4;B 7222 IV;null;null;2010;null;null;C6AB7033771;null;null;null;s/d ;11149;B;PNG_SBLM_2013;PENGADAAN SEBELUM TAHUN 2013
HYUNDAI/AEROSPAC LONG4x2AT;4;B 7224 IV;null;null;2010;null;null;C6AB7134425;null;null;null;s/d ;11149;B;PNG_SBLM_2013;PENGADAAN SEBELUM TAHUN 2013
HYUNDAI/AEROSPAC LONG4x2AT;4;B 7228 IV;null;null;2010;null;null;C6AB7133765;null;null;null;s/d ;11149;B;PNG_SBLM_2013;PENGADAAN SEBELUM TAHUN 2013
HYUNDAI/AEROSPAC LONG4x2AT;4;B 7229 IV;null;null;2010;null;null;C6AB7133774;null;null;null;s/d ;11149;B;PNG_SBLM_2013;PENGADAAN SEBELUM TAHUN 2013
HYUNDAI/AEROSPAC LONG4x2AT;4;B 7230 IV;null;null;2010;null;null;C6AB7133762;null;null;null;s/d ;11149;B;PNG_SBLM_2013;PENGADAAN SEBELUM TAHUN 2013
HYUNDAI/AEROSPAC LONG4x2AT;4;B 7232 IV;null;null;2010;null;null;C6AB7134414;null;null;null;s/d ;11149;B;PNG_SBLM_2013;PENGADAAN SEBELUM TAHUN 2013
HYUNDAI/AEROSPAC LONG4x2AT;4;B 7233 IV;null;null;2010;null;null;C6AB7134385;null;null;null;s/d ;11149;B;PNG_SBLM_2013;PENGADAAN SEBELUM TAHUN 2013
HYUNDAI/AEROSPAC LONG4x2AT;4;B 7237 IV;null;null;2010;null;null;C6AB7133561;null;null;null;s/d ;11149;B;PNG_SBLM_2013;PENGADAAN SEBELUM TAHUN 2013
HYUNDAI/AEROSPAC LONG4x2AT;4;B 7238 IV;null;null;2010;null;null;C6AB7134411;null;null;null;s/d ;11149;B;PNG_SBLM_2013;PENGADAAN SEBELUM TAHUN 2013
HYUNDAI/AEROSPAC LONG4x2AT;4;B 7239 IV;null;null;2010;null;null;C6AB7134415;null;null;null;s/d ;11149;B;PNG_SBLM_2013;PENGADAAN SEBELUM TAHUN 2013
HYUNDAI/AEROSPAC LONG4x2AT;4;B 7241 IV;null;null;2010;null;null;C6AB7133562;null;null;null;s/d ;11149;B;PNG_SBLM_2013;PENGADAAN SEBELUM TAHUN 2013
HYUNDAI/AEROSPAC LONG4x2AT;4;B 7243 IV;null;null;2010;null;null;C6AB7133163;null;null;null;s/d ;11149;B;PNG_SBLM_2013;PENGADAAN SEBELUM TAHUN 2013
HYUNDAI/AEROSPAC LONG4x2AT;4;B 7245 IV;null;null;2010;null;null;C6AB7133563;null;null;null;s/d ;11149;B;PNG_SBLM_2013;PENGADAAN SEBELUM TAHUN 2013
HYUNDAI/AEROSPAC LONG4x2AT;4;B 7248 IV;null;null;2010;null;null;C6AB734396;null;null;null;s/d ;11149;B;PNG_SBLM_2013;PENGADAAN SEBELUM TAHUN 2013
HYUNDAI/AEROSPAC LONG4x2AT;4;B 7249 IV;null;null;2010;null;null;C6AB7133931;null;null;null;s/d ;11149;B;PNG_SBLM_2013;PENGADAAN SEBELUM TAHUN 2013
HYUNDAI/AEROSPAC LONG4x2AT;4;B 7250 IV;null;null;2010;null;null;C6AB7133933;null;null;null;s/d ;11149;B;PNG_SBLM_2013;PENGADAAN SEBELUM TAHUN 2013
HYUNDAI/AEROSPAC LONG4x2AT;4;B 7251 IV;null;null;2010;null;null;C6AB7133564;null;null;null;s/d ;11149;B;PNG_SBLM_2013;PENGADAAN SEBELUM TAHUN 2013
HYUNDAI/AEROSPAC LONG4x2AT;4;B 7252 IV;null;null;2010;null;null;C6AB7138742;null;null;null;s/d ;11149;B;PNG_SBLM_2013;PENGADAAN SEBELUM TAHUN 2013
HYUNDAI/AEROSPAC LONG4x2AT;4;B 7253 IV;null;null;2010;null;null;C6AB7138712;null;null;null;s/d ;11149;B;PNG_SBLM_2013;PENGADAAN SEBELUM TAHUN 2013
HYUNDAI/AEROSPAC LONG4x2AT;4;B 7254 IV;null;null;2010;null;null;C6AB7138743;null;null;null;s/d ;11149;B;PNG_SBLM_2013;PENGADAAN SEBELUM TAHUN 2013
HYUNDAI/AEROSPAC LONG4x2AT;4;B 7257 IV;null;null;2010;null;null;C6AB7136192;null;null;null;s/d ;11149;B;PNG_SBLM_2013;PENGADAAN SEBELUM TAHUN 2013
HYUNDAI/AEROSPAC LONG4x2AT;4;B 7259 IV;null;null;2010;null;null;C6AB7136394;null;null;null;s/d ;11149;B;PNG_SBLM_2013;PENGADAAN SEBELUM TAHUN 2013
HYUNDAI/AEROSPAC LONG4x2AT;4;B 7261 IV;null;null;2010;null;null;C6AB7136211;null;null;null;s/d ;11149;B;PNG_SBLM_2013;PENGADAAN SEBELUM TAHUN 2013
HYUNDAI/AEROSPAC LONG4x2AT;4;B 7262 IV;null;null;2010;null;null;C6AB7136935;null;null;null;s/d ;11149;B;PNG_SBLM_2013;PENGADAAN SEBELUM TAHUN 2013
HYUNDAI/AEROSPAC LONG4x2AT;4;B 7263 IV;null;null;2010;null;null;C6AB7134518;null;null;null;s/d ;11149;B;PNG_SBLM_2013;PENGADAAN SEBELUM TAHUN 2013
HYUNDAI/AEROSPAC LONG4x2AT;4;B 7264 IV;null;null;2010;null;null;C6AB7133764;null;null;null;s/d ;11149;B;PNG_SBLM_2013;PENGADAAN SEBELUM TAHUN 2013
HYUNDAI/AEROSPAC LONG4x2AT;4;B 7265 IV;null;null;2010;null;null;C6AB7134424;null;null;null;s/d ;11149;B;PNG_SBLM_2013;PENGADAAN SEBELUM TAHUN 2013
HYUNDAI/AEROSPAC LONG4x2AT;4;B 7267 IV;null;null;2010;null;null;C6AB7136196;null;null;null;s/d ;11149;B;PNG_SBLM_2013;PENGADAAN SEBELUM TAHUN 2013
HYUNDAI/AEROSPAC LONG4x2AT;4;B 7268 IV;null;null;2010;null;null;C6AB7133551;null;null;null;s/d ;11149;B;PNG_SBLM_2013;PENGADAAN SEBELUM TAHUN 2013
HYUNDAI/AEROSPAC LONG4x2AT;4;B 7269 IV;null;null;2010;null;null;C6AB7133555;null;null;null;0069;11149;B;PNG_SBLM_2013;PENGADAAN SEBELUM TAHUN 2013
INOBUS ATC 320 (6x2) AT;5;B 7301 IV;null;null;2011;null;null;null;null;null;null;009;11.051 CC;null;PNG_SBLM_2013;PENGADAAN SEBELUM TAHUN 2013
INOBUS ATC 320 (6x2) AT;5;B 7302 IV;null;null;2011;null;null;null;null;null;null;012;11.051 CC;null;PNG_SBLM_2013;PENGADAAN SEBELUM TAHUN 2013
INOBUS ATC 320 (6x2) AT;5;B 7303 IV;null;null;2011;null;null;null;null;null;null;009;11.051 CC;null;PNG_SBLM_2013;PENGADAAN SEBELUM TAHUN 2013
INOBUS ATC 320 (6x2) AT;5;B 7304 IV;null;null;2011;null;null;null;null;null;null;010;11.051 CC;null;PNG_SBLM_2013;PENGADAAN SEBELUM TAHUN 2013
INOBUS ATC 320 (6x2) AT;5;B 7305 IV;null;null;2011;null;null;null;null;null;null;0013;11.051 CC;null;PNG_SBLM_2013;PENGADAAN SEBELUM TAHUN 2013
INOBUS ATC 320 (6x2) AT;5;B 7307 IV;null;null;2011;null;null;null;null;null;null;009;11.051 CC;null;PNG_SBLM_2013;PENGADAAN SEBELUM TAHUN 2013
INOBUS ATC 320 (6x2) AT;5;B 7308 IV;null;null;2011;null;null;null;null;null;null;009;11.051 CC;null;PNG_SBLM_2013;PENGADAAN SEBELUM TAHUN 2013
INOBUS ATC 320 (6x2) AT;5;B 7309 IV;null;null;2011;null;null;null;null;null;null;009;11.051 CC;null;PNG_SBLM_2013;PENGADAAN SEBELUM TAHUN 2013
INOBUS ATC 320 (6x2) AT;5;B 7310 IX;null;null;2011;null;null;null;null;null;null;009;11.051 CC;null;PNG_SBLM_2013;PENGADAAN SEBELUM TAHUN 2013
INOBUS ATC 320 (6x2) AT;5;B 7311 IX;null;null;2011;null;null;null;null;null;null;009;11.051 CC;null;PNG_SBLM_2013;PENGADAAN SEBELUM TAHUN 2013
INOBUS ATC 320 (6x2) AT;5;B 7312 IV;null;null;2011;null;null;46894882;null;null;null;011;11.051 CC;null;PNG_SBLM_2013;PENGADAAN SEBELUM TAHUN 2013
INOBUS ATC 320 (6x2) AT;5;B 7313 IX;null;null;2011;null;null;null;null;null;null;009;11.051 CC;null;PNG_SBLM_2013;PENGADAAN SEBELUM TAHUN 2013
INOBUS ATC 320 (6x2) AT;5;B 7314 IX;null;null;2011;null;null;null;null;null;null;009;11.051 CC;null;PNG_SBLM_2013;PENGADAAN SEBELUM TAHUN 2013
INOBUS ATC 320 (6x2) AT;5;B 7315 IX;null;null;2011;null;null;null;null;null;null;009;11.051 CC;null;PNG_SBLM_2013;PENGADAAN SEBELUM TAHUN 2013
INOBUS ATC 320 (6x2) AT;5;B 7317 IX;null;null;2011;null;null;null;null;null;null;009;11.051 CC;null;PNG_SBLM_2013;PENGADAAN SEBELUM TAHUN 2013
INOBUS ATC 320 (6x2) AT;5;B 7318 IX;null;null;2011;null;null;null;null;null;null;009;11.051 CC;null;PNG_SBLM_2013;PENGADAAN SEBELUM TAHUN 2013
INOBUS ATC 320 (6x2) AT;5;B 7319 IX;null;null;2011;null;null;null;null;null;null;009;11.051 CC;null;PNG_SBLM_2013;PENGADAAN SEBELUM TAHUN 2013
INOBUS ATC 320 (6x2) AT;5;B 7320 IV;null;null;2011;null;null;73283300;null;null;null;014;11.051 CC;null;PNG_SBLM_2013;PENGADAAN SEBELUM TAHUN 2013
INOBUS ATC 320 (6x2) AT;5;B 7321 IX;null;null;2011;null;null;null;null;null;null;009;11.051 CC;null;PNG_SBLM_2013;PENGADAAN SEBELUM TAHUN 2013
INOBUS ATC 320 (6x2) AT;5;B 7322 IX;null;null;2011;null;null;null;null;null;null;009;11.051 CC;null;PNG_SBLM_2013;PENGADAAN SEBELUM TAHUN 2013
INOBUS ATC 320 (6x2) AT;5;B 7323 IX;null;null;2011;null;null;null;null;null;null;009;11.051 CC;null;PNG_SBLM_2013;PENGADAAN SEBELUM TAHUN 2013
AAI/Komodo CNG (6x2) AT;5;B 7100 IX;null;null;2011;null;null;GE12TI00562SE;null;null;null;001;11.051 CC;null;PNG_SBLM_2013;PENGADAAN SEBELUM TAHUN 2013
AAI/Komodo CNG (6x2) AT;5;B 7101 IX;null;null;2011;null;null;GE12TI00563SE;null;null;null;001;11.051 CC;null;PNG_SBLM_2013;PENGADAAN SEBELUM TAHUN 2013
AAI/Komodo CNG (6x2) AT;5;B 7103 IX;null;null;2011;null;null;GE12TI00565SE;null;null;null;001;11.051 CC;null;PNG_SBLM_2013;PENGADAAN SEBELUM TAHUN 2013
AAI/Komodo CNG (6x2) AT;5;B 7104 IX;null;null;2011;null;null;GE12TI00566SE;null;null;null;001;11.051 CC;null;PNG_SBLM_2013;PENGADAAN SEBELUM TAHUN 2013
AAI/Komodo CNG (6x2) AT;5;B 7105 IX;null;null;2011;null;null;GE12TI00576SE;null;null;null;001;11.051 CC;null;PNG_SBLM_2013;PENGADAAN SEBELUM TAHUN 2013
AAI/Komodo CNG (6x2) AT;5;B 7106 IX;null;null;2011;null;null;GE12TI00577SE;null;null;null;001;11.051 CC;null;PNG_SBLM_2013;PENGADAAN SEBELUM TAHUN 2013
AAI/Komodo CNG (6x2) AT;5;B 7107 IX;null;null;2011;null;null;GE12TI00578SE;null;null;null;001;11.051 CC;null;PNG_SBLM_2013;PENGADAAN SEBELUM TAHUN 2013
AAI/Komodo CNG (6x2) AT;5;B 7108 IX;null;null;2011;null;null;GE12TI00579SE;null;null;null;001;11.051 CC;null;PNG_SBLM_2013;PENGADAAN SEBELUM TAHUN 2013
AAI/Komodo CNG (6x2) AT;5;B 7109 IX;null;null;2011;null;null;GE12TI00580SE;null;null;null;001;11.051 CC;null;PNG_SBLM_2013;PENGADAAN SEBELUM TAHUN 2013
AAI/Komodo CNG (6x2) AT;5;B 7110 IX;null;null;2011;null;null;GE12TI00511SE;null;null;null;001;11.051 CC;null;PNG_SBLM_2013;PENGADAAN SEBELUM TAHUN 2013
AAI/Komodo CNG (6x2) AT;5;B 7111 IX;null;null;2011;null;null;null;null;null;null;001;11.051 CC;null;PNG_SBLM_2013;PENGADAAN SEBELUM TAHUN 2013
AAI/Komodo CNG (6x2) AT;5;B 7112 IX;null;null;2011;null;null;GE12TI00613SE;null;null;null;001;11.051 CC;null;PNG_SBLM_2013;PENGADAAN SEBELUM TAHUN 2013
AAI/Komodo CNG (6x2) AT;5;B 7113 IX;null;null;2011;null;null;GE12TI00614SE;null;null;null;001;11.051 CC;null;PNG_SBLM_2013;PENGADAAN SEBELUM TAHUN 2013
AAI/Komodo CNG (6x2) AT;5;B 7114 IX;null;null;2011;null;null;null;null;null;null;001;11.051 CC;null;PNG_SBLM_2013;PENGADAAN SEBELUM TAHUN 2013
AAI/Komodo CNG (6x2) AT;5;B 7115 IX;null;null;2011;null;null;GE12TI100633SE;null;null;null;001;11.051 CC;null;PNG_SBLM_2013;PENGADAAN SEBELUM TAHUN 2013
AAI/Komodo CNG (6x2) AT;5;B 7116 IX;null;null;2011;null;null;GE12TI100634SE;null;null;null;002;11.051 CC;null;PNG_SBLM_2013;PENGADAAN SEBELUM TAHUN 2013
AAI/Komodo CNG (6x2) AT;5;B 7117 IX;null;null;2011;null;null;GE12TI100635SE;null;null;null;003;11.051 CC;null;PNG_SBLM_2013;PENGADAAN SEBELUM TAHUN 2013
AAI/Komodo CNG (6x2) AT;5;B 7118 IX;null;null;2011;null;null;GE12TI100636SE;null;null;null;004;11.051 CC;null;PNG_SBLM_2013;PENGADAAN SEBELUM TAHUN 2013
AAI/Komodo CNG (6x2) AT;5;B 7119 IX;null;null;2011;null;null;GE12TI100637SE;null;null;null;005;11.051 CC;null;PNG_SBLM_2013;PENGADAAN SEBELUM TAHUN 2013
AAI/Komodo CNG (6x2) AT;5;B 7120 IX;null;null;2011;null;null;GE12TI100648SE;null;null;null;006;11.051 CC;null;PNG_SBLM_2013;PENGADAAN SEBELUM TAHUN 2013
AAI/Komodo CNG (6x2) AT;5;B 7121 IX;null;null;2011;null;null;GE12TI100649SE;null;null;null;007;11.051 CC;null;PNG_SBLM_2013;PENGADAAN SEBELUM TAHUN 2013
AAI/Komodo CNG (6x2) AT;5;B 7122 IX;null;null;2011;null;null;GE12TI100650SE;null;null;null;008;11.051 CC;null;PNG_SBLM_2013;PENGADAAN SEBELUM TAHUN 2013
AAI/Komodo CNG (6x2) AT;5;B 7102 IX;null;null;2011;null;null;GE12TI00564SE;null;null;null;001;11.051 CC;null;PNG_SBLM_2013;PENGADAAN SEBELUM TAHUN 2013
ANKAI BRT GO2D;5;B 7414 IV;null;null;2012;null;null;WP12NG380E4014;null;null;null;022;11.051 CC;null;PNG_SBLM_2013;PENGADAAN SEBELUM TAHUN 2013
ANKAI BRT GO2D;5;B 7415 IV;null;null;2012;null;null;WP12NG380E4014;null;null;null;023;11.051 CC;null;PNG_SBLM_2013;PENGADAAN SEBELUM TAHUN 2013
ANKAI BRT GO2D;5;B 7417 IV;null;null;2012;null;null;WP12NG380E4014;null;null;null;024;11.051 CC;null;PNG_SBLM_2013;PENGADAAN SEBELUM TAHUN 2013
ANKAI BRT GO2D;5;B 7418 IV;null;null;2012;null;null;WP12NG380E4014;null;null;null;025;11.051 CC;null;PNG_SBLM_2013;PENGADAAN SEBELUM TAHUN 2013
ANKAI BRT GO2D;5;B 7419 IV;null;null;2012;null;null;WP12NG380E4014;null;null;null;027;11.051 CC;null;PNG_SBLM_2013;PENGADAAN SEBELUM TAHUN 2013
ANKAI BRT GO2D;5;B 7420 IV;null;null;2012;null;null;WP12NG380E4014;null;null;null;026;11.051 CC;null;PNG_SBLM_2013;PENGADAAN SEBELUM TAHUN 2013
ANKAI BRT GO2D;5;B 7421 IV;null;null;2012;null;null;WP12NG380E4014;null;null;null;028;11.051 CC;null;PNG_SBLM_2013;PENGADAAN SEBELUM TAHUN 2013
ANKAI BRT GO2D;5;B 7422 IV;null;null;2012;null;null;WP12NG380E4014;null;null;null;029;11.051 CC;null;PNG_SBLM_2013;PENGADAAN SEBELUM TAHUN 2013
ANKAI BRT GO2D;5;B 7423 IV;null;null;2012;null;null;WP12NG380E4014;null;null;null;030;11.051 CC;null;PNG_SBLM_2013;PENGADAAN SEBELUM TAHUN 2013
ANKAI BRT GO2D;5;B 7424 IV;null;null;2012;null;null;WP12NG380E4014;null;null;null;032;11.051 CC;null;PNG_SBLM_2013;PENGADAAN SEBELUM TAHUN 2013
ANKAI BRT GO2D;5;B 7425 IV;null;null;2012;null;null;WP12NG380E4014;null;null;null;016;11.051 CC;null;PNG_SBLM_2013;PENGADAAN SEBELUM TAHUN 2013
ANKAI BRT GO2D;5;B 7427 IV;null;null;2012;null;null;WP12NG380E4014;null;null;null;031;11.051 CC;null;PNG_SBLM_2013;PENGADAAN SEBELUM TAHUN 2013
ANKAI BRT GO2D;5;B 7428 IV;null;null;2012;null;null;WP12NG380E4014;null;null;null;015;11.051 CC;null;PNG_SBLM_2013;PENGADAAN SEBELUM TAHUN 2013
ANKAI BRT GO2D;5;B 7429 IV;null;null;2012;null;null;WP12NG380E4014;null;null;null;017;11.051 CC;null;PNG_SBLM_2013;PENGADAAN SEBELUM TAHUN 2013
ANKAI BRT GO2D;5;B 7430 IV;null;null;2012;null;null;WP12NG380E4014;null;null;null;018;11.051 CC;null;PNG_SBLM_2013;PENGADAAN SEBELUM TAHUN 2013
ANKAI BRT GO2D;5;B 7431 IV;null;null;2012;null;null;WP12NG380E4014;null;null;null;019;11.051 CC;null;PNG_SBLM_2013;PENGADAAN SEBELUM TAHUN 2013
ANKAI BRT GO2D;5;B 7432 IV;null;null;2012;null;null;WP12NG380E4014;null;null;null;020;11.051 CC;null;PNG_SBLM_2013;PENGADAAN SEBELUM TAHUN 2013
ANKAI BRT GO2D;5;B 7433 IV;null;null;2012;null;null;WP12NG380E4014;null;null;null;021;11.051 CC;null;PNG_SBLM_2013;PENGADAAN SEBELUM TAHUN 2013
INOBUS ATC 320 (6x2) AT;5;B 7324 IV;null;null;2012;null;null;79370865;null;null;null;033;8.900 CC;null;PNG_SBLM_2013;PENGADAAN SEBELUM TAHUN 2013
INOBUS ATC 320 (6x2) AT;5;B 7325 IV;null;null;2012;null;null;46917759;null;null;null;034;8.900 CC;null;PNG_SBLM_2013;PENGADAAN SEBELUM TAHUN 2013
INOBUS ATC 320 (6x2) AT;5;B 7327 IV;null;null;2012;null;null;46917738;null;null;null;035;8.900 CC;null;PNG_SBLM_2013;PENGADAAN SEBELUM TAHUN 2013
INOBUS ATC 320 (6x2) AT;5;B 7328 IV;null;null;2012;null;null;46915241;null;null;null;036;8.900 CC;null;PNG_SBLM_2013;PENGADAAN SEBELUM TAHUN 2013
INOBUS ATC 320 (6x2) AT;5;B 7329 IV;null;null;2012;null;null;46915239;null;null;null;037;8.900 CC;null;PNG_SBLM_2013;PENGADAAN SEBELUM TAHUN 2013
INOBUS ATC 320 (6x2) AT;5;B 7330 IV;null;null;2012;null;null;46915228;null;null;null;038;8.900 CC;null;PNG_SBLM_2013;PENGADAAN SEBELUM TAHUN 2013
INOBUS ATC 320 (6x2) AT;5;B 7331 IV;null;null;2012;null;null;46915228;null;null;null;045;8.900 CC;null;PNG_SBLM_2013;PENGADAAN SEBELUM TAHUN 2013
INOBUS ATC 320 (6x2) AT;5;B 7332 IV;null;null;2012;null;null;46949361;null;null;null;040;8.900 CC;null;PNG_SBLM_2013;PENGADAAN SEBELUM TAHUN 2013
INOBUS ATC 320 (6x2) AT;5;B 7383 IV;null;null;2012;null;null;46915228;null;null;null;041;8.900 CC;null;PNG_SBLM_2013;PENGADAAN SEBELUM TAHUN 2013
INOBUS ATC 320 (6x2) AT;5;B 7334 IV;null;null;2012;null;null;73370886;null;null;null;042;8.900 CC;null;PNG_SBLM_2013;PENGADAAN SEBELUM TAHUN 2013
INOBUS ATC 320 (6x2) AT;5;B 7335 IV;null;null;2012;null;null;73370875;null;null;null;043;8.900 CC;null;PNG_SBLM_2013;PENGADAAN SEBELUM TAHUN 2013
INOBUS ATC 320 (6x2) AT;5;B 7337 IV;null;null;2012;null;null;73370861;null;null;null;050;8.900 CC;null;PNG_SBLM_2013;PENGADAAN SEBELUM TAHUN 2013
INOBUS ATC 320 (6x2) AT;5;B 7338 IV;null;null;2012;null;null;73370854;null;null;null;044;8.900 CC;null;PNG_SBLM_2013;PENGADAAN SEBELUM TAHUN 2013
INOBUS ATC 320 (6x2) AT;5;B 7339 IV;null;null;2012;null;null;73370898;null;null;null;046;8.900 CC;null;PNG_SBLM_2013;PENGADAAN SEBELUM TAHUN 2013
INOBUS ATC 320 (6x2) AT;5;B 7340 IV;null;null;2012;null;null;73370909;null;null;null;047;8.900 CC;null;PNG_SBLM_2013;PENGADAAN SEBELUM TAHUN 2013
INOBUS ATC 320 (6x2) AT;5;B 7341 IV;null;null;2012;null;null;73370842;null;null;null;048;8.900 CC;null;PNG_SBLM_2013;PENGADAAN SEBELUM TAHUN 2013
INOBUS ATC 320 (6x2) AT;5;B 7342 IV;null;null;2012;null;null;73367377;null;null;null;049;8.900 CC;null;PNG_SBLM_2013;PENGADAAN SEBELUM TAHUN 2013
INOBUS ATC 320 (6x2) AT;5;B 7343 IV;null;null;2012;null;null;2328411;null;null;null;050;8.900 CC;null;PNG_SBLM_2013;PENGADAAN SEBELUM TAHUN 2013